/*
SQLyog 企业版 - MySQL GUI v8.14 
MySQL - 5.5.53 : Database - tour
*********************************************************************
*/

/*!40101 SET NAMES utf8 */;

/*!40101 SET SQL_MODE=''*/;

/*!40014 SET @OLD_UNIQUE_CHECKS=@@UNIQUE_CHECKS, UNIQUE_CHECKS=0 */;
/*!40014 SET @OLD_FOREIGN_KEY_CHECKS=@@FOREIGN_KEY_CHECKS, FOREIGN_KEY_CHECKS=0 */;
/*!40101 SET @OLD_SQL_MODE=@@SQL_MODE, SQL_MODE='NO_AUTO_VALUE_ON_ZERO' */;
/*!40111 SET @OLD_SQL_NOTES=@@SQL_NOTES, SQL_NOTES=0 */;
CREATE DATABASE /*!32312 IF NOT EXISTS*/`tour` /*!40100 DEFAULT CHARACTER SET utf8 */;

USE `tour`;

/*Table structure for table `article` */

DROP TABLE IF EXISTS `article`;

CREATE TABLE `article` (
  `a_id` int(11) NOT NULL AUTO_INCREMENT,
  `a_content` varchar(400) NOT NULL,
  `a_time` varchar(50) NOT NULL,
  `a_userid` int(11) NOT NULL,
  `a_like` int(11) NOT NULL,
  PRIMARY KEY (`a_id`)
) ENGINE=MyISAM AUTO_INCREMENT=52 DEFAULT CHARSET=utf8;

/*Data for the table `article` */

insert  into `article`(`a_id`,`a_content`,`a_time`,`a_userid`,`a_like`) values (29,'我又来了！','2019-12-21 10:36:39',1,0),(24,'dasd','2019-12-20 22:57:14',1,0),(25,'今天一定要把项目搞好！ヾ(◍°∇°◍)ﾉﾞ','2019-12-21 10:10:25',1,0),(26,'今天一定要把项目搞好！ヾ(◍°∇°◍)ﾉﾞ','2019-12-21 10:10:25',1,0),(9,'撒旦撒','2019-12-20 21:35:48',1,0),(10,'今天晚上又加班！好饿啊','2019-12-20 21:51:23',1,0),(11,'我又来测试了','2019-12-20 21:53:40',1,0),(13,'最后一次测试！','2019-12-20 21:58:13',1,0),(21,'期待期待','2019-12-20 22:18:27',1,0),(22,'大青蛙大全的','2019-12-20 22:18:54',1,0),(23,'大青蛙大全的','2019-12-20 22:55:33',1,0),(7,'东欧地区在历史上是一个非常复杂的概念：由哈布斯堡王朝所统治长达600年的的奥匈帝国盛极一时；而在奥匈帝国被推翻，整个欧洲乃至世界进入四分五裂之时，这个地区则被赋予了更多地缘政治的概念：西欧强国林立，在政治上它们时常沦为附庸；而东方的苏联则更是不断向其施压，对这个地区的国家的民族性、思想和文化影响深刻。','2019-12-21 18:33:45',7,75),(5,'有没有小伙伴去过东北雪乡了，我寒假想去东北雪乡玩，谁有攻略可以私聊我一下，谢谢！','2019-12-18 15:23:00',5,55),(6,'不知道为啥我的帖子总是被删\r\n12月15号以后去哈尔滨－亚布力－雪乡－雾凇岛－漠河玩，8天左右，时间还没定下来可商量，有小伙伴也可以晚点去跨了年再回，不跟团不跟商业的，97年小姐姐一枚，喜欢和同龄人玩，只要年龄相仿的小哥哥小姐姐，年龄差别大的请绕道','2019-12-20 17:43:00',6,52),(4,'元旦后重庆出发泸沽湖，预计行程10天左右，有人报名吗？目前有4个人，都是妹子，希望能有帅哥报名，要求至少要会开车，有车最好，没车可以租。全程所有费用AA，除了自己的额外消费。有报名的吗？给你们看看妹子们的照片','2019-12-17 18:18:00',4,68),(3,'每到秋天，这里就是摄影爱好者的天堂，枫树环抱，晨雾悬挂树腰，红叶在晨雾中若隐若现，加上早晨村民的炊烟，烧油茶壳的烟，在这个小山洼里汇聚，就构成了如梦幻般的仙境，枫树也似仙境之圣物。石城也一度被国内众多媒体评选为“中国最具人气的赏枫地”、“摄影爱好者的天堂”','2019-11-27 09:54:00',3,37),(2,'春节成都或者重庆出发自驾云南，寻队友','2019-08-17 19:10:00',2,16),(1,'一直很想去云南，爱上了云南的每一个角落，但一个人又奈何没勇气去，此刻脑海想起了云南美丽的洱海，简直太爱了啊啊啊啊！','2018-12-17 00:00:00',1,23),(31,'的亲亲我的钱未付','2019-12-21 10:38:42',1,0),(34,'大青蛙群无群','2019-12-21 10:44:59',1,0),(36,'一定会成功的！','2019-12-21 11:09:19',1,0),(37,'又遇到上传图片的路径问题！太难了！','2019-12-21 11:23:02',1,0),(38,'图片保存数据库还是有问题！','2019-12-21 11:29:47',1,0),(39,'这下绝对没有问题了！','2019-12-21 11:33:32',1,0),(40,'这下肯定没有问题了！','2019-12-21 11:35:41',1,4),(41,'成功的喜悦！','2019-12-21 11:43:34',1,3),(42,'发帖跳转测试！','2019-12-21 15:36:08',1,1),(43,'跳转测试第二条！','2019-12-21 15:36:56',1,4),(44,'今天又去旅游了！感觉景色挺不错的!','2019-12-22 21:10:55',6,0),(45,'来发个帖子！','2019-12-22 22:39:16',2,0),(46,'我来看看！','2019-12-23 14:14:42',1,0),(47,'发张图片看看！','2019-12-23 14:15:31',1,0),(48,'又来看看！','2019-12-23 14:16:33',1,0),(49,'发个帖子！','2019-12-23 14:20:53',1,0),(50,'测试一下！','2019-12-23 14:22:58',1,1),(51,'sdadda','2019-12-23 15:08:41',1,1);

/*Table structure for table `article_img` */

DROP TABLE IF EXISTS `article_img`;

CREATE TABLE `article_img` (
  `a_id` int(11) NOT NULL,
  `a_img` varchar(200) NOT NULL
) ENGINE=MyISAM AUTO_INCREMENT=2 DEFAULT CHARSET=utf8;

/*Data for the table `article_img` */

insert  into `article_img`(`a_id`,`a_img`) values (3,'/com_img/article01_3.jpg'),(2,'/com_img/article01_2.jpg'),(1,'/com_img/article05_1.jpg'),(1,'/com_img/article04_1.jpg'),(4,'/com_img/article04_4.jpg'),(1,'/com_img/article01_1.jpg'),(3,'/com_img/article02_3.jpg'),(3,'/com_img/article03_3.jpg'),(3,'/com_img/article05_3.jpg'),(3,'/com_img/article05_3.jpg'),(3,'/com_img/article06_3.jpg'),(4,'/com_img/article01_4.jpg'),(4,'/com_img/article02_4.jpg'),(4,'/com_img/article03_4.jpg'),(5,'/com_img/article01_5.jpg'),(5,'/com_img/article02_5.jpg'),(6,'/com_img/article01_6.jpg'),(6,'/com_img/article02_6.jpg'),(7,'/com_img/article01_7.jpg'),(7,'/com_img/article02_7.jpg'),(7,'/com_img/article03_7.jpg'),(7,'/com_img/article04_7.jpg'),(7,'/com_img/article05_7.jpg'),(40,'/com_img/1576895741099.jpg'),(40,'/com_img/1576895741104.jpg'),(41,'/com_img/1576896214405.jpg'),(41,'/com_img/1576896214411.jpg'),(44,'/com_img/1577016655132.jpg'),(44,'/com_img/1577016655133.jpg'),(45,'/com_img/1577021956863.jpg'),(45,'/com_img/1577021956865.jpg'),(45,'/com_img/1577078082353.jpg'),(45,'/com_img/1577078082355.jpg'),(46,'/com_img/1577078131187.jpg'),(46,'/com_img/1577078131189.jpg'),(47,'/com_img/1577078193303.jpg'),(47,'/com_img/1577078193304.jpg'),(48,'/com_img/1577078453706.jpg'),(48,'/com_img/1577078453707.jpg'),(50,'/com_img/1577078578766.jpg'),(50,'/com_img/1577078578767.jpg'),(51,'/com_img/1577081321371.jpg'),(51,'/com_img/1577081321374.jpg');

/*Table structure for table `collect` */

DROP TABLE IF EXISTS `collect`;

CREATE TABLE `collect` (
  `c_id` int(11) NOT NULL,
  `u_username` varchar(20) DEFAULT NULL,
  `v_id` int(11) NOT NULL,
  PRIMARY KEY (`c_id`)
) ENGINE=MyISAM DEFAULT CHARSET=utf8;

/*Data for the table `collect` */

/*Table structure for table `comment` */

DROP TABLE IF EXISTS `comment`;

CREATE TABLE `comment` (
  `c_id` int(11) NOT NULL AUTO_INCREMENT,
  `a_id` int(11) NOT NULL,
  `a_userid` int(11) NOT NULL,
  `c_content` varchar(200) NOT NULL,
  `c_time` varchar(50) NOT NULL,
  `c_upid` int(11) DEFAULT NULL,
  PRIMARY KEY (`c_id`)
) ENGINE=MyISAM AUTO_INCREMENT=26 DEFAULT CHARSET=utf8;

/*Data for the table `comment` */

insert  into `comment`(`c_id`,`a_id`,`a_userid`,`c_content`,`c_time`,`c_upid`) values (6,2,1,'太美了！一个去了还想再去的旅游景点！','2019-11-27 09:55:00',NULL),(5,1,7,'一月六号去丽江，有结伴游玩的吗','2019-12-11 09:13:00',NULL),(4,1,6,'你可以去看看一下结伴软件 推荐你 拼游 很多都是在这个里面结伴去旅游的 比较靠谱','2019-12-11 09:13:00',NULL),(3,1,3,'好漂亮啊，好想去洱海','2019-12-11 08:49:00',NULL),(2,1,2,'可以找个靠谱俱乐部一起出发','2019-12-11 09:16:00',NULL),(1,1,5,'我也超想去，组队一起吗？','2019-12-11 08:39:00',NULL),(7,3,1,'现在还在婺源那吗','2019-11-27 22:32:00',NULL),(8,3,2,'住宿住在哪里有推荐的吗','2019-12-17 19:05:00',NULL),(9,4,2,'我有车，丰田陆巡，我也在重庆，可以当司机兼导游','2019-12-17 19:54:00',NULL),(10,4,3,'假的吧','2019-12-17 19:56:00',NULL),(11,4,5,'重庆打算月底去，可是没攻略','2019-12-17 21:55:00',NULL),(12,5,1,'滴滴东北雪乡攻略','2019-12-15 15:23:00',NULL),(13,5,6,'真是不怕冷啊','2019-12-15 21:52:00',NULL),(14,5,4,'小姐姐不考虑一下北海道吗？比雪乡价格低，服务也好很多！','2019-12-16 02:07:00',NULL),(15,5,3,'不用攻略，直接去滑雪场！ 晚上必须冲凉才能睡着','2019-12-16 04:52:00',NULL),(16,6,2,'美女用车可以找我啊，我给你优惠','2019-11-28 18:10:00',NULL),(17,6,4,'那必须，帮你尽快找到组队的小伙伴啊','2019-11-28 22:25:00',NULL),(18,6,3,'哎，真的很想去','2019-11-28 23:57:00',NULL),(19,6,8,'打算一月一号去，OK么','2019-11-30 15:44:00',NULL),(20,7,1,'还是很好看的！','2019-12-18 18:33:00',NULL),(21,41,2,'恭喜恭喜！今晚吃鸡！','2019-12-21 17:18:29',1),(22,2,0,'辛苦了！','2019-12-22 18:27:53',1),(23,43,1,'我来评论测试','2019-12-22 20:08:07',1),(24,40,1,'我来了','2019-12-22 20:10:39',1),(25,4,1,'你好骚啊！','2019-12-22 20:11:17',1);

/*Table structure for table `description` */

DROP TABLE IF EXISTS `description`;

CREATE TABLE `description` (
  `id` int(11) NOT NULL AUTO_INCREMENT,
  `img_src` varchar(200) DEFAULT NULL,
  `d_info` varchar(500) DEFAULT NULL,
  `v_id` int(11) NOT NULL,
  PRIMARY KEY (`id`)
) ENGINE=MyISAM AUTO_INCREMENT=247 DEFAULT CHARSET=utf8;

/*Data for the table `description` */

insert  into `description`(`id`,`img_src`,`d_info`,`v_id`) values (16,'/detail_img/安徽02_九华山003.jpg','九华山北俯长江，南望黄山',125),(14,'/detail_img/安徽01_黄山005.jpg','黄山迎客松是安徽人民热情友好的象征',124),(13,'/detail_img/安徽01_黄山004.jpg','黄山代表景观有“五绝三瀑”',124),(12,'/detail_img/安徽01_黄山003.jpg','后因传说轩辕黄帝曾在此炼丹，故改名为“黄山”',124),(15,'/detail_img/安徽02_九华山002.jpg','九华山为皖南三大山系之一',125),(11,'/detail_img/安徽01_黄山002.jpg','黄山原名“黟山”，因峰岩青黑，遥望苍黛而名',124),(17,'/detail_img/安徽02_九华山004.jpg','九华山自山麓至天台峰，名刹古寺林立',125),(18,'/detail_img/安徽02_九华山005.jpg','文物古迹众多，尚存化城寺、月身宝殿、慧居寺',125),(19,'/detail_img/安徽03_绩溪龙川002.jpg','龙川位于四面环山的一个小盆地里',126),(20,'/detail_img/安徽03_绩溪龙川003.jpg','地形地貌以中低山、丘陵为主',126),(21,'/detail_img/安徽03_绩溪龙川004.jpg','村落地形如靠岸之船，东耸龙须山',126),(22,'/detail_img/安徽03_绩溪龙川005.jpg','紧依登源河，南有龙川东流',126),(23,'/detail_img/安徽04_天堂寨002.jpg','天堂寨所处的大别山',127),(24,'/detail_img/安徽04_天堂寨003.jpg','景区总面积120平方公里',127),(25,'/detail_img/安徽04_天堂寨004.jpg','境内千米以上的高峰25座',127),(26,'/detail_img/安徽04_天堂寨005.jpg','天堂寨最高峰为大别山主峰之一',127),(27,'/detail_img/安徽05_安庆市002.jpg','安庆市为国家级历史文化名城',128),(28,'/detail_img/安徽05_安庆市003.jpg','南宋时期，安庆城开始建设',128),(29,'/detail_img/安徽05_安庆市004.jpg','安庆建城以后直至清末',128),(30,'/detail_img/安徽05_安庆市005.jpg','1949年4月，安庆解放。并与同年设立安庆市',128),(31,'/detail_img/安徽06颍上八里_002.jpg','相传明朝嘉靖43年，凤台县有一渔民储德成',129),(32,'/detail_img/安徽06颍上八里_003.jpg','闻知八里八里河风景区 河盛产鱼虾',129),(33,'/detail_img/安徽06颍上八里_004.jpg','解放初期，对八里河未能及时进行改造利用',129),(34,'/detail_img/安徽06颍上八里_005.jpg','过河桥坝灯火辉煌，镇河宝塔巍峨凌空',129),(35,'/detail_img/江西01_三清山002.jpg','三清山又名少华山、丫山',130),(36,'/detail_img/江西01_三清山003.jpg','三清山主体南北长12.2公里',130),(37,'/detail_img/江西01_三清山004.jpg','地处怀玉山脉腹地，属花岗岩构造侵蚀为主',130),(38,'/detail_img/江西01_三清山005.jpg','西太平洋边缘最美丽的花岗岩',130),(39,'/detail_img/ 江西02_庐山002.jpg','庐山，又名匡山、匡庐，位于江西省九江市庐山市',131),(40,'/detail_img/ 江西02_庐山003.jpg','南靠滕王阁，西邻京九铁路大通脉，北枕滔滔长江',131),(41,'/detail_img/ 江西02_庐山004.jpg','庐山以雄、奇、险、秀闻名于世',131),(42,'/detail_img/ 江西02_庐山005.jpg','素有“匡庐奇秀甲天下”之美誉',131),(43,'/detail_img/江西03_井冈山002.jpg','地处湘东-赣西边界，万洋山（为罗霄山脉中段）的北支',132),(44,'/detail_img/江西03_井冈山003.jpg','据传在东汉年间秦朝设郡县制时',132),(45,'/detail_img/江西03_井冈山004.jpg','井冈山瓷土矿、稀土矿储量丰富',132),(46,'/detail_img/江西03_井冈山005.jpg','井冈山被誉为“中国革命的摇篮”',132),(47,'/detail_img/江西04梅岭─滕王阁002.jpg','座落于赣江与抚河故道的汇合处',133),(48,'/detail_img/江西04梅岭─滕王阁003.jpg','南北配有回廊连接的两个辅亭',133),(49,'/detail_img/江西04梅岭─滕王阁004.jpg','滕王阁，始建于唐永徽四年（653年）',133),(50,'/detail_img/江西04梅岭─滕王阁005.jpg','今之的滕王阁乃仿宋建筑',133),(51,'/detail_img/江西05_龟峰002.jpg','龟峰，又称圭峰，是世界地质公园龙虎山',134),(52,'/detail_img/江西05_龟峰003.jpg','龟峰发育于距今1.35亿年的白垩纪晚期',134),(53,'/detail_img/江西05_龟峰004.jpg','龟峰共有36峰，集“奇、险、灵、巧”于一身',134),(54,'/detail_img/江西05_龟峰005.jpg','以发育丹霞洞穴群为特色，奇洞成群',134),(55,'/detail_img/江西06_武功山002.jpg','武功山位于中国江西省中西部',135),(56,'/detail_img/江西06_武功山003.jpg','描武功山围绕金顶已设立“武功山国家地质公园”述',135),(57,'/detail_img/江西06_武功山004.jpg','武功山地区位于华南板块的北缘，北邻扬子板块',135),(58,'/detail_img/江西06_武功山005.jpg','主脉绵延120余千米，总面积约970平方千米描述',135),(59,'/detail_img/广东01_长隆002.jpg','广州长隆旅游度假区是综合性主题旅游度假区',136),(60,'/detail_img/广东01_长隆003.jpg','1996年8月，香江野生动物世界破土动工',136),(61,'/detail_img/广东01_长隆004.jpg','1997年12月，香江野生动物世界开业',136),(62,'/detail_img/广东01_长隆005.jpg','2000年，长隆国际大马戏始开放',136),(63,'/detail_img/广东02_广州塔002.jpg','又称广州新电视塔，昵称小蛮腰。',137),(64,'/detail_img/广东02_广州塔003.jpg','广州塔是广州市的地标工程',137),(65,'/detail_img/广东02_广州塔004.jpg','电视塔可抵御8级地震、12级台风',137),(66,'/detail_img/广东02_广州塔005.jpg','设有“蜘蛛侠栈道”，是世界最高最长的空中漫步云梯',137),(67,'/detail_img/广东03_白云山002.jpg','白云山，位于广东省广州市白云区',138),(68,'/detail_img/广东03_白云山003.jpg','为南粤名山之一，自古就有“羊城第一秀”之称',138),(69,'/detail_img/广东03_白云山004.jpg','广东最高峰九连山的支脉',138),(70,'/detail_img/广东03_白云山005.jpg','晋代人葛洪曾在白云山炼丹，晋代人葛洪曾在白云山炼丹',138),(71,'/detail_img/广东04_丹霞山002.jpg','丹霞山（ 中国红石公园）',139),(72,'/detail_img/广东04_丹霞山003.jpg','丹霞山是世界“丹霞地貌”命名地',139),(73,'/detail_img/广东04_丹霞山004.jpg','丹霞山区是一个大型内陆盆地',139),(74,'/detail_img/广东04_丹霞山005.jpg','丹霞红层被切割成一片红色山群',139),(75,'/detail_img/广东05_连州地下河002.jpg','连州地下河，上下共分三层',140),(76,'/detail_img/广东05_连州地下河003.jpg','全长1860米，最高处47．8米，最宽处53．6米',140),(77,'/detail_img/广东05_连州地下河004.jpg','湟川三峡位于连州市区南面',140),(78,'/detail_img/广东05_连州地下河005.jpg','在斜阳的照射下，雾中的崖壁五彩缤纷',140),(79,'/detail_img/广东06_雁南飞茶田002.jpg','位于梅州市梅县区雁洋镇',141),(80,'/detail_img/广东06_雁南飞茶田003.jpg','度假村背靠阴那山省级风景名胜区',141),(81,'/detail_img/广东06_雁南飞茶田004.jpg','以高效农业与优美景色旅游相结合',141),(82,'/detail_img/广东06_雁南飞茶田005.jpg','景区主要景点：雁南飞神石、雁南飞大道',141),(83,'/detail_img/广西01_桂林漓江002.jpg','漓江，属珠江流域西江水系',148),(84,'/detail_img/广西01_桂林漓江003.jpg','漓江发源于广西壮族自治区兴安县华江乡',148),(85,'/detail_img/广西01_桂林漓江004.jpg','黄柏江，黄柏江是漓江的一级支流',148),(86,'/detail_img/广西01_桂林漓江005.jpg','小溶江，小溶江是漓江的一级支流',148),(87,'/detail_img/ 广西02_三娘湾002.jpg','三娘湾，广西十佳景区之一',149),(88,'/detail_img/ 广西02_三娘湾003.jpg','三娘湾地理位置十分优越',149),(89,'/detail_img/ 广西02_三娘湾004.jpg','三娘湾历悠久，历代以来以名优海产',149),(90,'/detail_img/ 广西02_三娘湾005.jpg','三娘湾位于北回归线以南',149),(91,'/detail_img/广西03_北海银滩002.jpg','北海银滩是北海市的著名的旅游景点',150),(92,'/detail_img/广西03_北海银滩003.jpg','北海银滩度假区由三个度假单元',150),(93,'/detail_img/广西03_北海银滩004.jpg','北海银滩公园坐落在北海银滩中部',150),(94,'/detail_img/广西03_北海银滩005.jpg','银滩公园始建于1990年',150),(95,'/detail_img/广西04_大新德天瀑布002.jpg','位于广西壮族自治区崇左市大新县硕龙镇德天村',151),(96,'/detail_img/广西04_大新德天瀑布003.jpg','中国与越南边境处的归春河上游',151),(97,'/detail_img/广西04_大新德天瀑布004.jpg','德天瀑布所在地地层主要为中泥盆统白云质灰岩',151),(98,'/detail_img/广西04_大新德天瀑布005.jpg','此段河道为分汊型河道，河床宽浅，多江心洲、心滩',151),(99,'/detail_img/广西05_大石围天坑群002.jpg','大石围位于乐业县同乐镇刷把村的北边',152),(100,'/detail_img/广西05_大石围天坑群003.jpg','属红水河南端的干热河谷地带',152),(101,'/detail_img/广西05_大石围天坑群004.jpg','大石围的地下原始森林面积为世界第一',152),(102,'/detail_img/广西05_大石围天坑群005.jpg','广西乐业大石围天坑群，世界天坑之最',152),(103,'/detail_img/ 广西06_两江四湖·象山002','描象山景区，即两江四湖·象山景区中的象鼻山景点述',153),(104,'/detail_img/ 广西06_两江四湖·象山003','原象山景区成立于1986年',153),(105,'/detail_img/ 广西06_两江四湖·象山004','山景点内的主体景观象鼻山因酷似一头大象而得名',153),(106,'/detail_img/ 广西06_两江四湖·象山005','象山又称象鼻山，位于桂林桃花江注入漓江处',153),(107,'/detail_img/甘肃01_莫高窟002.jpg','莫高窟，俗称千佛洞，坐落在河西走廊西端的敦煌。',154),(108,'/detail_img/甘肃01_莫高窟003.jpg','它始建于十六国的前秦时期，历经十六国',154),(109,'/detail_img/甘肃01_莫高窟004.jpg','形成巨大的规模，有洞窟735个，壁画4.5万平方米',154),(110,'/detail_img/甘肃01_莫高窟005.jpg','莫高窟始建于十六国时期',154),(111,'/detail_img/甘肃02_麦积山002.jpg','麦积山，经过大规模的加固修整和栈道修复',155),(112,'/detail_img/甘肃02_麦积山003.jpg','麦积山，高达142米，石窟多凌空凿于20至70米高的悬崖峭壁上',155),(113,'/detail_img/甘肃02_麦积山004.jpg','麦积山塑像，主要题材有佛、菩萨、弟子、天王、力士等',155),(114,'/detail_img/甘肃02_麦积山005.jpg','无论是高达15米的巨像，还是只有0.3米的小像，都给人以美感',155),(115,'/detail_img/甘肃03_鸣沙山月牙泉002.jpg','月牙泉（英文：Crescent Lake）位于月牙泉风景区',156),(116,'/detail_img/甘肃03_鸣沙山月牙泉003.jpg','月牙泉南北长近100米，东西宽约25米',156),(117,'/detail_img/甘肃03_鸣沙山月牙泉004.jpg','月牙泉内生长有眼子草和轮藻植物，南岸有茂密的芦苇',156),(118,'/detail_img/甘肃03_鸣沙山月牙泉005.jpg','月牙泉是敦煌诸多自然景观中的佼佼者',156),(119,'/detail_img/甘肃04_嘉峪关002.jpg','嘉峪关，号称“天下第一雄关” 位于甘肃省嘉峪关市西5千米处最狭窄的山谷中部',157),(120,'/detail_img/甘肃04_嘉峪关003.jpg','嘉峪关所在地是甘肃省西部的河西走廊最西一处隘口',157),(121,'/detail_img/甘肃04_嘉峪关004.jpg','嘉峪关，位于河西走廊中西结合部（中部偏西），始建于明洪武五年',157),(122,'/detail_img/甘肃04_嘉峪关005.jpg','嘉峪关由内城、外城、城壕三道防线成重叠并守之势，壁垒森严。',157),(123,'/detail_img/甘肃05_扎尕那002.jpg','扎（zhā）尕（gǎ）那是天然石头城',158),(124,'/detail_img/甘肃05_扎尕那003.jpg','扎尕那山势奇峻、云雾缭绕、宛如仙境',158),(125,'/detail_img/甘肃05_扎尕那004.jpg','藏寨内游牧、农耕、狩猎和樵采等多种生产活动合理搭配和互补融合',158),(126,'/detail_img/甘肃05_扎尕那005.jpg','”俗有“阎王殿”之称。地形既像一座规模宏大的巨型宫殿',158),(127,'/detail_img/甘肃06_崆峒山002.jpg','崆峒山，位于甘肃省平凉市，是丝绸之路西出关中之要塞',159),(128,'/detail_img/甘肃06_崆峒山003.jpg','自1994年以来，崆峒山获得了国家重点风景名胜区',159),(129,'/detail_img/甘肃06_崆峒山004.jpg','崆峒山位于甘肃平凉市崆峒区西郊15千米处',159),(130,'/detail_img/甘肃06_崆峒山005.jpg','根据气候区划分，崆峒山属温带半湿润大陆性季风气候',159),(131,'/detail_img/宁夏01_沙坡头002.jpg','沙坡头位于宁夏回族自治区中卫市城区西部腾格里沙漠的东南缘',160),(132,'/detail_img/宁夏01_沙坡头003.jpg','沙坡头集大漠、黄河、高山、绿洲为一处，',160),(133,'/detail_img/宁夏01_沙坡头004.jpg','沙坡头主要保护对象为自然沙漠景观、天然沙生植被',160),(134,'/detail_img/宁夏01_沙坡头005.jpg','2018中国西北旅游营销大会暨旅游装备展上',160),(135,'/detail_img/宁夏02_贺兰山002.jpg','贺兰山脉位于宁夏回族自治区与内蒙古自治区交界处',161),(136,'/detail_img/宁夏02_贺兰山003.jpg','贺兰山南北长220公里，东西宽20～40公里。',161),(137,'/detail_img/宁夏02_贺兰山004.jpg','贺兰山脉海拔2000~3000米，主峰敖包疙瘩位于银川西北，',161),(138,'/detail_img/宁夏02_贺兰山005.jpg','贺兰山为石质山地，土地瘠薄，多岩石裸露，植被类型较简单',161),(139,'/detail_img/宁夏03_六盘山002.jpg','六盘山，是中国最年轻的山脉之一',162),(140,'/detail_img/宁夏03_六盘山003.jpg','狭义的六盘山为六盘山脉的第二高峰，位于固原原州区境内，海拔2928米。',162),(141,'/detail_img/宁夏03_六盘山004.jpg','六盘山是近南北走向的狭长山地',162),(142,'/detail_img/宁夏03_六盘山005.jpg','六盘山山腰地带降雨较多，气候较为湿润',162),(143,'/detail_img/宁夏04_水洞沟002.jpg','宁夏水洞沟旅游景区是中国最早发掘的旧石器时代文化遗址',163),(144,'/detail_img/宁夏04_水洞沟003.jpg','被国家列为“最具中华文明意义的百项考古发现”之一',163),(145,'/detail_img/宁夏04_水洞沟004.jpg','水洞沟遗址旅游区位于宁夏灵武市临河镇',163),(146,'/detail_img/宁夏04_水洞沟005.jpg','水洞沟独特的雅丹地貌，鬼斧神工地造就了魔鬼城、旋风洞、卧驼岭、摩天崖',163),(147,'/detail_img/宁夏05_青铜峡002.jpg','青铜峡市，隶属宁夏回族自治区吴忠市',164),(148,'/detail_img/宁夏05_青铜峡003.jpg','隔黄河与灵武市、吴忠市利通区相望',164),(149,'/detail_img/宁夏05_青铜峡004.jpg','2016年全市实现地区生产总值134.3亿元',164),(150,'/detail_img/宁夏05_青铜峡005.jpg','2011年，青铜峡市综合经济实力名列中国西部百强县',164),(151,'/detail_img/宁夏06_沙湖002.jpg','沙湖旅游景区原是银川平原西大滩的一片碟形洼地',165),(152,'/detail_img/宁夏06_沙湖003.jpg','1977年，农场开始利用沙湖湿地养鱼。',165),(153,'/detail_img/宁夏06_沙湖004.jpg','1986 年宁夏回族自治区自然保护区区划领导小组对沙湖进行鸟类考察',165),(154,'/detail_img/宁夏06_沙湖005.jpg','1994年被国家旅游局评为“全国35个王牌旅游景点之一”。',165),(155,'/detail_img/四川01_稻城亚丁_001.jpg','稻城至亚丁途径的赤土河谷，桃花开得正好',316),(156,'/detail_img/四川01_稻城亚丁_002.jpg','风雪中爬山的帅哥好酷',316),(157,'/detail_img/四川01_稻城亚丁_003.jpg','4月的冲古草甸只有黑跟白',316),(158,'/detail_img/四川01_稻城亚丁_004.jpg','天气不好，远处的央迈勇都看不到了',316),(159,'/detail_img/四川01_都江堰_001.jpg','青城山与都江堰是5级旅游景区的两大部分，同为世界文化遗产、国家重点风景名胜区、全国文保单位',347),(160,'/detail_img/四川01_都江堰_002.jpg','天赋源头都江堰以柔克刚的哲学思想和李冰建堰的科学精神，正式与道教的思想不谋而合。',347),(161,'/detail_img/四川01_都江堰_003.jpg','其工程采用\"无坝引水\"的形式，主要由鱼嘴分水堤、飞沙堰溢洪道、宝瓶引水口三大主体工程组成。',347),(162,'/detail_img/四川01_都江堰_004.jpg','青城山以其\"幽\"享誉天下，历来有\"青城天下幽\"之称。是中国道教的发源地，是我国著名的道教名山。',347),(163,'/detail_img/四川03_峨眉山_001.jpg','峨眉山是这片秘境中种种令人难分真幻的自然奇观，从山脚到山顶十里不同天，一山有四季',348),(164,'/detail_img/四川03_峨眉山_002.jpg','峨眉山为5A景区，有万佛顶、金顶金佛、接引殿、洗象池、华严顶、仙峰寺、九十九道拐、万年寺、生态猴区、一线天、清音阁、神水阁、纯阳殿、雷音寺、报国寺、伏虎寺、名山起点、大佛禅院等著名景点。',348),(165,'/detail_img/四川03_峨眉山_003.jpg','大诗人李白则有“蜀国多仙山，峨眉邈难匹”的千古绝唱，更有“一山独秀众山羞”“高凌五岳”的美称。',348),(166,'/detail_img/四川03_峨眉山_004.jpg','文化遗产极其深厚，是中国佛教圣地。',348),(167,'/detail_img/贵州01_黄果树风景区_001.jpg','黄果树国家重点风景名胜区位于贵州省西南部安顺市，距省会贵阳市128公里，距西部旅游中心城市安顺市区45公里，距昆明390公里。',358),(168,'/detail_img/贵州01_黄果树风景区_002.jpg','景区规划面积163平方公里，平均海拔约900米，年平均温度为16摄氏度，景区内空气清新，每立方厘米空气含负氧离子两万八千个以上，素有“天然大氧吧”之称。',358),(169,'/detail_img/贵州01_黄果树风景区_003.jpg','黄果树瀑布风景区属中亚热带，是典型的溶岩地区，风景秀丽，气候温和，雨量充沛，年降雨量在1300毫米以上，雨水集中在5-7月，月平均降雨量都在200毫米以上。',358),(170,'/detail_img/贵州01_黄果树风景区_004.jpg','黄果树瀑布风景区地处贵州西部低洼地带，海拔较低，终年无霜，年平均气温为14℃左右；冬无严寒，夏无酷暑，是避寒避暑胜地。',358),(171,'/detail_img/贵州02_龙宫风景区_001.jpg','一进龙宫，二进龙宫，龙宫景区的精华所在，主要就是坐船看溶洞，景区有个地方可以坐滑索，40元一位，性价比一般，要是没坐过可以尝试一下。',358),(172,'/detail_img/贵州02_龙宫风景区_002.jpg','然后会经过地藏殿，地藏殿那里有个可以步行的溶洞，然后就到达观音洞了，观音洞游览完就结束了。',358),(173,'/detail_img/贵州02_龙宫风景区_003.jpg','龙宫属亚热带季风湿润气候，年平均气温14℃，最热7月平均21.9℃，气候温和，夏无酷暑，冬无严寒，适宜旅游，夏季更是避暑休闲的旅游胜地。-7月，月平均降雨量都在200毫米以上。',358),(174,'/detail_img/贵州02_龙宫风景区_004.jpg','龙宫景区由龙潭秘境和通漩田园两大主题片区组成，拥有中国最长最美水溶洞',358),(175,'/detail_img/贵州02_龙宫风景区_001.jpg','一进龙宫，二进龙宫，龙宫景区的精华所在，主要就是坐船看溶洞，景区有个地方可以坐滑索，40元一位，性价比一般，要是没坐过可以尝试一下。',359),(176,'/detail_img/贵州02_龙宫风景区_002.jpg','然后会经过地藏殿，地藏殿那里有个可以步行的溶洞，然后就到达观音洞了，观音洞游览完就结束了。',359),(177,'/detail_img/贵州02_龙宫风景区_003.jpg','龙宫属亚热带季风湿润气候，年平均气温14℃，最热7月平均21.9℃，气候温和，夏无酷暑，冬无严寒，适宜旅游，夏季更是避暑休闲的旅游胜地。-7月，月平均降雨量都在200毫米以上。',359),(178,'/detail_img/贵州02_龙宫风景区_004.jpg','龙宫景区由龙潭秘境和通漩田园两大主题片区组成，拥有中国最长最美水溶洞',359),(179,'/detail_img/贵州03_马岭河峡谷风景区_001.jpg','马岭河峡谷风景区不是特别大，从入口走10分钟会路过观光电梯处，不管单程还是往返都是40元/人，非常不建议乘坐',361),(180,'/detail_img/贵州03_马岭河峡谷风景区_002.jpg','因为观光电梯只是从山顶到山脚的距离，去到核心景点你还是得靠自己走，所以根本没有必要',361),(181,'/detail_img/贵州03_马岭河峡谷风景区_003.jpg','最远处的几条大瀑布气势还是非常好的，地球上一道美丽的疤痕，名不虚传。',361),(182,'/detail_img/贵州03_马岭河峡谷风景区_004.jpg','峡谷集雄、奇、险、秀为一体，谷内群瀑飞流，翠竹倒挂，溶洞相连，两岸古树名木点缀其间，千姿百态。',361),(183,'/detail_img/云南01_怒江_001.jpg','怒江流经西藏从四川进入云南省贡山独龙族怒族自治县',365),(184,'/detail_img/云南01_怒江_002.jpg','经过贡山、福贡、泸水县后至保山、德宏，流进缅甸，注入印度洋。',365),(185,'/detail_img/云南01_怒江_003.jpg','怒江在青藏高原上流淌，宛如一条绿地毯上的蓝飘带。',365),(186,'/detail_img/云南01_怒江_004.jpg','进入藏南八宿前后，她便进入深不可测的高山峡谷。',365),(187,'/detail_img/云南02_九龙瀑布群_001.jpg','水幕落下的声音虽然大，但是并不嘈杂。',366),(188,'/detail_img/云南02_九龙瀑布群_002.jpg','另外，景区里也有很多油菜花田，可以顺便观赏，但如果只在下游是看不到的。',366),(189,'/detail_img/云南02_九龙瀑布群_003.jpg','景区内的观光缆车可以带游客到达一个位置很高的观景台，',366),(190,'/detail_img/云南02_九龙瀑布群_004.jpg','在这里可以俯瞰十个瀑布的全貌，十分壮观。',366),(191,'/detail_img/云南03_西双版纳热带植物园_001.jpg','棕榈植物园、水生植物园、民族植物园、药用植物区、',367),(192,'/detail_img/云南03_西双版纳热带植物园_002.jpg','龙脑香植物区、香料植物区、竹类植物区、珍稀濒危植物迁地保护区、榕树园、',367),(193,'/detail_img/云南03_西双版纳热带植物园_003.jpg','树木园、名树名花园。周围散落有傣族、哈尼族和基诺族等多个少数民族的兄弟村寨，',367),(194,'/detail_img/云南03_西双版纳热带植物园_004.jpg','是一个以热带雨林为主，集科研、植物种质保存、科普和生态旅游等为一体的中国最大植物园。',367),(195,'/detail_img/海南01_亚龙湾_001.jpg','1992年10月，经国务院批准为中国唯一具有热带风情的国家旅游度假区。',371),(196,'/detail_img/海南01_亚龙湾_002.jpg','亚龙湾属低纠度热带季候风海洋性气候，',371),(197,'/detail_img/海南01_亚龙湾_003.jpg','全年长夏无冬，阳光充足，冬可避寒，夏可消暑。',371),(198,'/detail_img/海南01_亚龙湾_004.jpg','集休闲旅游五大要素：海洋、沙滩、空气、阳光和绿色于一体。',371),(199,'/detail_img/海南02_大小洞天旅游区_001.jpg','位于三亚市以西40公里处的南山西南隅，枕海壁立，为崖州古城之南面屏障。',372),(200,'/detail_img/海南02_大小洞天旅游区_002.jpg','同南山佛教文化苑共处南山脚下，被推崇为崖州八景之首，一度曾被誉为珠崖第一山水名胜。',372),(201,'/detail_img/海南02_大小洞天旅游区_003.jpg','大小洞天旅游区内山上植被茂盛，风景秀丽，近三万株龙血树（南山不老松）郁郁葱葱。',372),(202,'/detail_img/海南02_大小洞天旅游区_004.jpg','山中有清澈泉水和各种野生动物，山下七公里海岸线蜿蜒曲折，遍布神工鬼斧、肖形状物的石景，有南海龙王、小洞天、千年不老松、南海神鳌等景观。',372),(203,'/detail_img/海南03_鳌山_001.jpg','1200年前，中国唐代著名的大和尚鉴真法师，在他第五次东渡日本遇险后漂流到南山，',373),(204,'/detail_img/海南03_鳌山_002.jpg','在南山居住一年半之久，在此间建造佛寺，传法布道。随后第六次东渡终获成功。 ',373),(205,'/detail_img/海南03_鳌山_003.jpg','三亚南山文化旅游区是国家旅游局确定的“中国旅游业发展优先项目”。',373),(206,'/detail_img/海南03_鳌山_004.jpg','它位于中国唯一的热带海滨城市三亚市的西部，是全国罕见的超大型文化和生态旅游园区。',373),(207,'/detail_img/台湾01_台北故宫博物院_001.jpg','于公元一九六五年十月二十五日兴建完工，风格为中国宫殿式的建筑，一、二、三层为展览陈列空间，四楼为休憩茶座，名为“三希堂”，',377),(208,'/detail_img/台湾01_台北故宫博物院_002.jpg','藏有全世界最多的无价中华艺术宝藏，收藏品主要承袭自宋、元、明、清四朝， ',377),(209,'/detail_img/台湾01_台北故宫博物院_003.jpg','几乎涵盖了整部五千年的中国历史，数量达六十五万五千多件，国立故宫博物院拥有“中华文化宝库”的美名。',377),(210,'/detail_img/台湾01_台北故宫博物院_004.jpg','国立故宫博物院除了展览品丰富以外，提供中、英、法、德、日、西、韩等七国语言专业导览',377),(211,'/detail_img/台湾02_京华城_001.jpg','目前，这座购物中心内已经进驻了近千家国内外知名厂商，并突破传统业者的经营手法，',378),(212,'/detail_img/台湾02_京华城_002.jpg','着重于育乐方面的主导设计，更提出“无时间障碍”的概念，让各阶层的消费者不因时间的限制而被剥夺享受休闲生活的权利。 ',378),(213,'/detail_img/台湾02_京华城_003.jpg','京华城是一座全新的国际级观光休闲购物中心，其首创的“L”型主体建筑结合全球最大的球体结构设计，',378),(214,'/detail_img/台湾02_京华城_004.jpg','商城内共有地上12层、地下7层，其中15层为商场，以每3个楼层为一主题规划，创造出5个不同主题的购物街景。',378),(215,'/detail_img/台湾03_阳明山公园_001.jpg','园内满山遍野种植各种樱花、杜鹃、茶花、桃花等，有“台北后花园”的美称，是台北市民最喜欢的节假日出游地点。',379),(216,'/detail_img/台湾03_阳明山公园_002.jpg','阳明山公园是台湾离都会区最近的一座国家公园，泛指大屯山、七星山、纱帽山、小观音山所构成的山区，范围相当广大，包括台北市士林区、 ',379),(217,'/detail_img/台湾03_阳明山公园_003.jpg','北投部分山区以及台北县淡水、三芝等乡镇山区。',379),(218,'/detail_img/台湾03_阳明山公园_004.jpg','阳明山公园原名草山，因盛产茅草得名，后为纪念王阳明先生而改名。',379),(219,'/detail_img/香港01_太平山_001.jpg','太平山又称维多利亚峰或扯旗山，是港岛最负盛名的高级住宅区，',383),(220,'/detail_img/香港01_太平山_002.jpg','也是香港著名的游览胜地之太平山顶是欣赏夜景的好地方，搭山顶缆车是登顶赏夜景最好的方法',383),(221,'/detail_img/香港01_太平山_003.jpg','在中环花园道缆车总站乘缆车，只需7分钟就能到达山顶。',383),(222,'/detail_img/香港01_太平山_004.jpg','乘坐在缆车上，由于视觉误差，你会发现沿山而建的所有建筑仿佛都是倾斜的，建筑越高，倾斜角度越明显，非常有趣。除了缆车，也可乘坐15路公交车或步行至太平山顶。',383),(223,'/detail_img/香港02_浅水湾_001.jpg','浅水湾呈新月形，水清沙细，沙滩宽阔洁净而水浅，比深水湾更适合游泳，历来是香港人夏天最喜欢光顾的海滩，也是游人必到的著名风景区。',384),(224,'/detail_img/香港02_浅水湾_002.jpg','在这里能看到一座背山面海且风水极佳的天后庙，供奉着天后像、观音像与神兽像等。 ',384),(225,'/detail_img/香港02_浅水湾_003.jpg','这里还能看到许多祈福碑和一座长寿桥，无数善男信女在长寿桥边的月老像前虔心祈祷，成为一道美丽的风景，在这里祈福据说非常灵验。',384),(226,'/detail_img/香港02_浅水湾_004.jpg','浅水湾一带有很多依山而建的豪宅，美观的建筑外形为浅水湾添加了一丝优雅与人情味，融入风景中，和谐旖旎。',384),(227,'/detail_img/香港03_香港海洋公园_001.jpg','海洋公园依山而建，分为南朗山山下、山上和大树湾三大景区，细分为8个主题天地。',385),(228,'/detail_img/香港03_香港海洋公园_002.jpg','低处山下与南朗山以登山缆车和海洋列车连接，南朗山与大树湾之间则由一条全世界第二长的户外扶手电梯贯通。 ',385),(229,'/detail_img/香港03_香港海洋公园_003.jpg','获得了无数殊荣之后，2012年海洋公园获得“全球五大最受欢迎主题公园”的美誉，绝对实至名归。',385),(230,'/detail_img/香港03_香港海洋公园_004.jpg','海洋公园的三大景区里，分为海滨乐园和高峰乐园两大部分，而这两部分又分成8个不同主题的天地。',385),(231,'/detail_img/澳门01_妈祖阁_001.jpg','妈祖阁主要建筑为大殿、观音殿及弘仁殿汇总而成，主要供奉的是道教女仙妈祖',389),(232,'/detail_img/澳门01_妈祖阁_002.jpg','当地人又称其为天后娘娘，传说能够预言凶吉，可以帮助出海的人们化险为夷',389),(233,'/detail_img/澳门01_妈祖阁_003.jpg','所以建立了此庙供奉，现在也是当地非常出名的旅游景点之一。',389),(234,'/detail_img/澳门01_妈祖阁_004.jpg','主要建筑为大殿、观音殿及弘仁殿汇总而成，主要供奉的是道教女仙妈祖，当地人又称其为天后娘娘，传说能够预言凶吉',389),(235,'/detail_img/澳门02_澳门历史城区_001.jpg','有比较著名的几个教堂，是中国的第31个世界遗产，并且是通过21个成员国一致通过的哦！',390),(236,'/detail_img/澳门02_澳门历史城区_002.jpg','光这样讲大家可能觉得没有什么，配上图片之后是不是觉得有几分熟悉，在哪里见过？ ',390),(237,'/detail_img/澳门02_澳门历史城区_003.jpg','没错，这里有很多影片再此地取景，也是之前的澳门旧城区，所以汇集了很多美食跟当地的人文风俗。',390),(238,'/detail_img/澳门02_澳门历史城区_004.jpg','这里全天免费开放，一年四季皆宜前往，建议游玩的时间在3个小时左右，也是个拍照留念的好去处。',390),(239,'/detail_img/澳门03_大三巴牌坊_001.jpg','有好多影视剧都出现过这个地标建筑，也是澳门八景之一，05年成为联合国世界文化遗产。',391),(240,'/detail_img/澳门03_大三巴牌坊_002.jpg','附近的景点还有恋爱巷、大三巴跟著名的哪吒庙，融合了欧洲文艺复兴时期及东方建筑风格汇总而成 ',391),(241,'/detail_img/澳门03_大三巴牌坊_003.jpg','也是东西方文化交融的象征性建筑，不仔细到当地去看，一定看不出其精细的雕刻艺术。',391),(242,'/detail_img/澳门03_大三巴牌坊_004.jpg','这里全天免费开放，建议游玩的时间在2个小时左右，全年适宜前往。',391),(243,'/detail_img/北京01_天安门_001.jpg','天安门广场被评为“北京十六景”之一，景观名“天安丽日”。',1),(244,'/detail_img/北京01_天安门_002.jpg','人民大会堂是中国全国人民代表大会开会地，是全国人民代表大会常务委员会的办公场所',1),(245,'/detail_img/北京01_天安门_003.jpg','毛主席纪念堂是中国的最高纪念堂，是以毛泽东同志为首的老一辈无产阶级革命家集体的纪念堂，是全国爱国主义教育基地',1),(246,'/detail_img/北京01_天安门_004.jpg','是新中国诞生后在广场修建的第一座建筑，也是中国历史上最大的纪念碑',1);

/*Table structure for table `det_conment` */

DROP TABLE IF EXISTS `det_conment`;

CREATE TABLE `det_conment` (
  `id` int(11) NOT NULL AUTO_INCREMENT,
  `v_id` int(11) DEFAULT NULL,
  `t_headimg` varchar(100) DEFAULT NULL,
  `t_user` varchar(20) NOT NULL,
  `c_content` varchar(500) DEFAULT NULL,
  `c_time` varchar(100) DEFAULT NULL,
  `c_upid` int(11) DEFAULT NULL,
  `c_likes` int(11) DEFAULT '0',
  UNIQUE KEY `id` (`id`)
) ENGINE=MyISAM AUTO_INCREMENT=199 DEFAULT CHARSET=utf8;

/*Data for the table `det_conment` */

insert  into `det_conment`(`id`,`v_id`,`t_headimg`,`t_user`,`c_content`,`c_time`,`c_upid`,`c_likes`) values (197,128,'/comment_img/1577063948625.jpg','李宗政','        有人吗？','2019/12/23 上午9:21:23',NULL,0),(198,128,'/comment_img/1577023928682.jpg','吴秋林','   有人     ','2019/12/23 上午9:22:06',NULL,0);

/*Table structure for table `detailed` */

DROP TABLE IF EXISTS `detailed`;

CREATE TABLE `detailed` (
  `d_id` int(11) NOT NULL AUTO_INCREMENT,
  `v_id` int(11) DEFAULT NULL,
  `v_typeid` int(11) DEFAULT NULL,
  PRIMARY KEY (`d_id`)
) ENGINE=MyISAM DEFAULT CHARSET=utf8;

/*Data for the table `detailed` */

/*Table structure for table `img` */

DROP TABLE IF EXISTS `img`;

CREATE TABLE `img` (
  `img` varchar(100) DEFAULT NULL
) ENGINE=MyISAM DEFAULT CHARSET=utf8;

/*Data for the table `img` */

/*Table structure for table `kind` */

DROP TABLE IF EXISTS `kind`;

CREATE TABLE `kind` (
  `k_landname` varchar(50) NOT NULL,
  `k_typeid` int(11) NOT NULL AUTO_INCREMENT,
  UNIQUE KEY `k_typeid` (`k_typeid`)
) ENGINE=MyISAM AUTO_INCREMENT=11 DEFAULT CHARSET=utf8;

/*Data for the table `kind` */

insert  into `kind`(`k_landname`,`k_typeid`) values ('水体景观旅游',1),('气象气候旅游',2),('生物旅游\r\n',3),('文物古迹\r\n',4),('古典园林\r\n',5),('文学艺术\r\n',6),('宗教文化\r\n',7),('城乡风貌\r\n',8),('现代设施',9),('民俗风情',10);

/*Table structure for table `level` */

DROP TABLE IF EXISTS `level`;

CREATE TABLE `level` (
  `l_id` int(11) NOT NULL AUTO_INCREMENT,
  `l_level` varchar(20) NOT NULL,
  `l_typeid` int(11) NOT NULL,
  PRIMARY KEY (`l_id`)
) ENGINE=MyISAM AUTO_INCREMENT=4 DEFAULT CHARSET=utf8;

/*Data for the table `level` */

insert  into `level`(`l_id`,`l_level`,`l_typeid`) values (1,'AAA',1),(2,'AAAA',2),(3,'AAAAA',3);

/*Table structure for table `people` */

DROP TABLE IF EXISTS `people`;

CREATE TABLE `people` (
  `id` int(11) NOT NULL AUTO_INCREMENT,
  `c_content` varchar(200) DEFAULT NULL,
  `userid` int(11) DEFAULT NULL,
  UNIQUE KEY `id` (`id`)
) ENGINE=MyISAM AUTO_INCREMENT=79 DEFAULT CHARSET=utf8;

/*Data for the table `people` */

/*Table structure for table `region` */

DROP TABLE IF EXISTS `region`;

CREATE TABLE `region` (
  `a_id` int(11) NOT NULL AUTO_INCREMENT,
  `a_province` varchar(100) DEFAULT NULL,
  `a_typeid` int(11) DEFAULT NULL,
  PRIMARY KEY (`a_id`)
) ENGINE=MyISAM AUTO_INCREMENT=35 DEFAULT CHARSET=utf8;

/*Data for the table `region` */

insert  into `region`(`a_id`,`a_province`,`a_typeid`) values (1,'北京',1),(2,'天津',2),(3,'上海',3),(4,'重庆',4),(5,'辽宁',5),(6,'黑龙江',6),(7,'吉林',7),(8,'河北',8),(9,'山东',9),(10,'江苏',10),(11,'浙江',11),(12,'福建',12),(13,'河南',13),(14,'湖北',14),(15,'湖南',15),(16,'安徽',16),(17,'江西',17),(18,'广东',18),(19,'广西',19),(20,'甘肃',20),(21,'宁夏',21),(22,'山西',22),(23,'内蒙古',23),(24,'陕西',24),(25,'新疆',25),(26,'青海',26),(27,'西藏',27),(28,'四川',28),(29,'贵州',29),(30,'云南',30),(31,'海南',31),(32,'台湾',32),(33,'香港',33),(34,'澳门',34);

/*Table structure for table `test` */

DROP TABLE IF EXISTS `test`;

CREATE TABLE `test` (
  `us` varchar(12) NOT NULL,
  `ps` varchar(12) NOT NULL
) ENGINE=MyISAM DEFAULT CHARSET=utf8;

/*Data for the table `test` */

insert  into `test`(`us`,`ps`) values ('${us}','${ps}'),('周业坤','123456'),('王','123'),('周业可能','顶顶顶'),('怎么回事呢','顶顶顶'),('怎么回事呢','顶顶顶'),('怎么回事呢','顶顶顶');

/*Table structure for table `u_user` */

DROP TABLE IF EXISTS `u_user`;

CREATE TABLE `u_user` (
  `id` int(11) NOT NULL AUTO_INCREMENT,
  `t_user` varchar(10) NOT NULL,
  `t_pwd` varchar(10) NOT NULL,
  `t_age` int(3) DEFAULT NULL,
  `t_sex` varchar(2) DEFAULT NULL,
  `t_headimg` varchar(50) DEFAULT '/head_img/001',
  `t_phone` bigint(11) DEFAULT NULL,
  PRIMARY KEY (`id`,`t_user`),
  UNIQUE KEY `id` (`id`),
  UNIQUE KEY `t_user` (`t_user`)
) ENGINE=MyISAM AUTO_INCREMENT=9 DEFAULT CHARSET=utf8;

/*Data for the table `u_user` */

insert  into `u_user`(`id`,`t_user`,`t_pwd`,`t_age`,`t_sex`,`t_headimg`,`t_phone`) values (2,'曹海滨','111111',23,'男','/comment_img/1577018279363.png',NULL),(1,'吴秋林','111111',22,'男','/comment_img/1577061857411.jpg',99999),(3,'李宗政','111111',21,'男','/comment_img/1577021671336.png',NULL),(4,'周业坤','111111',22,'男','/comment_img/1577022284497.png',NULL),(5,'田野','111111',22,'男','/comment_img/1577023742399.png',NULL),(6,'龙艳','111111',18,'女','/head_img/001.jpg',NULL),(7,'七哥','12215',28,'男','/head_img/001.jpg',NULL);

/*Table structure for table `viewpoint` */

DROP TABLE IF EXISTS `viewpoint`;

CREATE TABLE `viewpoint` (
  `id` int(11) NOT NULL AUTO_INCREMENT,
  `v_name` varchar(50) NOT NULL,
  `k_typeid` int(11) DEFAULT NULL,
  `a_typeid` int(11) NOT NULL,
  `a_info` varchar(200) DEFAULT NULL,
  `v_img` varchar(100) NOT NULL,
  `v_level` int(11) DEFAULT NULL,
  PRIMARY KEY (`id`)
) ENGINE=MyISAM AUTO_INCREMENT=395 DEFAULT CHARSET=utf8;

/*Data for the table `viewpoint` */

insert  into `viewpoint`(`id`,`v_name`,`k_typeid`,`a_typeid`,`a_info`,`v_img`,`v_level`) values (1,'天安门',1,1,'坐落在中华人民共和国首都北京市的中心、与天安门广场以及人民英雄纪念碑、毛主席纪念堂。','images/1_天安门.jpg',3),(2,'故宫',1,1,'故宫是中国明清两代的皇家宫殿，旧称紫禁城，位于北京中轴线的中心，是中国古代宫廷建筑之精华。','images/1_故宫.jpg',2),(3,'颐和园',1,1,'是以昆明湖、万寿山为基址，以杭州西湖为蓝本，汲取江南园林的设计手法而建成的。','images/1_颐和园.jpg',3),(4,'长城',1,1,'长城（The Great Wall），是中国古代的军事防御工程，是一道坚固而连绵不断的长垣，用以限隔敌骑的行动。','images/1_长城.jpg',1),(5,'明十三陵',1,1,'明十三陵，世界文化遗产，全国重点文物保护单位，国家重点风景名胜区，国家AAAAA级旅游景区。','images/1_明十三陵.jpg',3),(6,'天坛公园',1,1,'天坛，世界文化遗产，全国重点文物保护单位，国家AAAAA级旅游景区，全国文明风景旅游区示范点','images/1_天坛公园.jpg',2),(7,'滨江道',1,2,'滨江道商业街是逛街和购物的天堂，各大商场、商铺聚集，折扣力度大，里面还有小吃街，不管是外地游客','images/2_滨江道.jpg',3),(8,'西开教堂',1,2,'西开教堂整体建筑风格是典型的法国罗曼式风格，蓝白房顶显得既庄重又','images/2_西开教堂.jpg',2),(9,'盘山',2,2,'盘山是集民俗风情、自然山水和名胜古迹于一体的景区，因俯瞰整个山体好似一条巨龙盘桓在此','images/2_盘山.jpg',1),(10,'天津之眼',1,2,'世界上唯一一个建在桥上的摩天轮，坐在摩天轮上可以将整个天津尽收眼底，到达最高点时','images/2_天津之眼.jpg',3),(11,'意式风情街',1,2,'式风情街本是意大利租界，现已打造成集商贸、旅游、娱乐于一体的休闲景区，这里的建筑多为欧','images/2_意式风情街.jpg',3),(12,'古文化街',1,2,'天津古文化街是一个保留着天津味儿、中国味儿的古玩市场，有近百家卖古玩、手工艺品和纪念品的','images/2_古文化街.jpg',1),(13,'天马山',2,3,'天马山古称干山，传说春秋吴国干将铸剑于此而得名。天马山山势陡峭，山体脊线近东西方','images/3_天马山.jpg',1),(14,'金鏊山',2,3,'滨江道商业街是逛街和购物的天堂，各大商场、商铺聚集，折扣力度大，里面还有小吃街，不管是外地','images/3_金鏊山.jpg',3),(15,'长兴岛和横沙岛',2,3,'崇明岛南面有长兴岛和横沙岛，自然环境极佳，是上海大都市里的一方净土。','images/3_长兴岛和横沙岛.jpg',3),(16,'芦潮港',2,3,'这片热土以得天独厚的地理环境和巨大的发展潜力被市政','images/3_芦潮港.jpg',1),(17,'淀山湖',2,3,'淀山湖面积62平方公里，与江苏、浙江交界，属太湖水系，湖水碧澄。沿湖周围有金泽、商榻、西岑小镇。','images/3_淀山湖.jpg',2),(18,'东滩候鸟保护区',2,3,'崇明岛气候温和湿润，四季分明，位于崇明岛的崇明岛，野生鸟类丰富。','images/3_东滩候鸟保护区.jpg',3),(128,'安庆市',1,16,'安徽之源——天柱山，又名皖山。位于安徽省的西南部潜山县境内，因其主峰“一柱擎天”而得名。','images/安徽05_安庆市001.jpg',1),(127,'天堂寨',1,16,'天堂寨，有“华东最后一片原始森林、植物的王国、花的海洋”的美称，位于安徽省金寨县的西南部，境内千米以上的高峰25座','images/安徽04_天堂寨001.jpg',1),(125,'九华山',2,16,'九华山风景区位于安徽省池州市境内，是中国佛教四大名山之一、首批国家重点风景名胜区','images/安徽02_九华山001.jpg',3),(126,'绩溪龙川',2,16,'龙川，皖南绩溪县一川名、村名，是胡姓聚族而局的古村落，已有一千六百余年的历史','images/安徽03_绩溪龙川001.jpg',1),(124,'黄山',2,16,'黄山景区，位于安徽省南部黄山市境内，方圆154平方公里的无处不景，无景不奇','images/安徽01_黄山001.jpg',3),(153,'两江四湖·象山',2,19,'两江四湖新景区--桃花江山水画廊游览线路的开通实现了乘船从象鼻山直达芦笛岩，形成了桂林环城水系游的新格局','images/广西06_两江四湖·象山001.jpg',1),(141,'雁南飞茶田',2,18,'梅州雁南飞背靠阴那山省级风景名胜区，风景优美，是个可以出摄影作品的地方。是一个融茶叶生产、生态公益林改造、园林绿化、旅游观光、','images/广东06_雁南飞茶田001.jpg',3),(140,'连州地下河',2,18,'连州地下河位于连州市区以北26公里的东陂镇。它藏在山势雄竣的大口岩溶洞中，是一个大型的地下暗河溶洞','images/广东05_连州地下河001.jpg',1),(139,'丹霞山',2,18,'丹霞山风景名胜区，位于广东省韶关东北侧的仁化县。丹霞山由红色砂烁岩构成，以赤壁丹崖为特色，地质学家以丹霞山为名，将这一地貌命名为“丹霞地貌”','images/广东04_丹霞山001.jpg',3),(137,'广州塔',1,18,'广州塔，又称广州新电视塔，昵称小蛮腰，位于广州市海珠区（艺洲岛）赤岗塔附近，距离珠江南岸125米，与珠江新城、花城广场、海心沙岛隔江相望。','images/广东02_广州塔001.jpg',1),(138,'白云山',2,18,'白云山风景区，国家AAAAA级景区，是新“羊城八景”之首、国家5A级景区和国家重点风景名胜区','images/广东03_白云山001.jpg',3),(136,'长隆',1,18,'长隆旅游度假区，国家级AAAAA景区，国家级文化产业示范基地等，占地面积1万亩，是一家集旅游景点、酒店餐饮、娱乐休闲于一体的大型企业集团','images/广东01_长隆001.jpg',3),(135,'武功山',2,17,'武功山风景名胜区隶属于江西省萍乡市，介于东经114° 10′ -114° 17′ 和北纬27 °25′ -27° 35′ 之间，属罗霄山脉北段，绵延120公里','images/江西06_武功山001.jpg',2),(134,'龟峰',2,17,'龟峰风景名胜区位于江西省弋阳县城区西南部，320国道、311高速和浙赣铁路旁，距弋阳县城10公里','images/江西05_龟峰001.jpg',3),(133,'滕王阁',1,17,'梅岭─滕王阁风景名胜区--座落于赣江与抚河故道的汇合处，占地4.3公顷，现在的滕王阁主阁落成于1989年10月8日，共九层，净高57.5米','images/江西04梅岭─滕王阁001.jpg',1),(132,'井冈山',2,17,'井冈山，国家AAAAA级旅游景区，国家级重点风景名胜区，国家级自然保护区，中国文明风景旅游区，中国重点文物保护单位，全国红色旅游景区','images/江西03_井冈山001.jpg',3),(130,'三清山',2,17,'三清山风景名胜区，道教名山，世界自然遗产，世界地质公园。位于江西省上饶市东北部，因玉京、玉虚、玉华“三峰峻拔，如道教三清列坐其巅”故名。','images/江西01_三清山001.jpg',2),(129,'颍上八里',2,16,'八里河风景区是国家5A级景区，环保“全球500佳”，享有“天下第一农民公园”之美称，是颍上县的一个天然内湖，称“南湖”，水面积1.8万亩。','images/安徽06颍上八里_001.jpg',3),(131,'庐山',2,17,'庐山风景名胜区，隶属于江西省九江市，位于九江市南36公里处，北靠长江，南傍鄱阳湖。','images/江西02_庐山001.jpg',3),(152,'大石围天坑群',2,19,'乐业天坑群在方圆不到20平方公里的崇山峻岭里，分布着24个天坑，是世界上最大的天坑群','images/广西05_大石围天坑群001.jpg',1),(151,'大新德天瀑布',2,19,'大新县德天瀑布位于广西崇左地区边陲大新县，在中越边境交界处，归春河上游，瀑布宽100米，高40米，气势磅礴','images/广西04_大新德天瀑布001.jpg',1),(150,'北海银滩',2,19,'沙滩均由高品位的石英砂堆积而成，在阳光的照射下，洁白、细腻的沙滩会泛出银光，故称银滩，北海银滩以其“滩长平、沙细白、水温净、浪柔软、无鲨鱼”等特点，而被称为“中国第一滩”','images/广西03_北海银滩001.jpg',1),(149,'三娘湾',2,19,'三娘湾的美不仅仅在于她动人的传说，而且在于她超凡脱俗的气质。黄金的沙滩柔软而亲切，婆娑的树林清丽恬静','images/广西02_三娘湾001.jpg',1),(148,'桂林漓江',2,19,'中国山水景观的代表，世界罕见的山水画廊。中国旅游的黄金水道，广西龙头旅游景区，2004年接待游客达185万人次。国家级风景名胜区、4A景区','images/广西01_桂林漓江001.jpg',2),(154,'莫高窟',1,20,'被称为“沙漠中的美术馆”和“艺术与信仰的精神绿洲”的莫高窟，以其精美的壁画和塑像闻名于世','images/甘肃01_莫高窟001.jpg',2),(155,'麦积山',2,20,'位于甘肃省天水市辖区的麦积山风景区，是国家5A级旅游景区。麦积山风景区有5大子景区，最著名的就是麦积山石窟。','images/甘肃02_麦积山001.jpg',3),(156,'鸣沙山月牙泉',2,20,'鸣沙山月牙泉可以说是甘肃敦煌最美的风景区。在连绵起伏的沙丘中，一片绿洲和一弯清泉，是如此的美丽。到鸣沙山月牙泉旅游，','images/甘肃03_鸣沙山月牙泉001.jpg',1),(157,'嘉峪关',1,20,'嘉峪关被称为天下第一雄关，是中国古代丝绸之路的交通要塞，也是中国除了长城以外最大的关隘。','images/甘肃04_嘉峪关001.jpg',2),(158,'扎尕那',1,20,'扎尕那位于甘肃省迭部县，“扎尕那”是藏语，意为“石匣子”。扎尕那风景十分秀丽，犹如世外桃源。','images/甘肃05_扎尕那001.jpg',1),(159,'崆峒山',2,20,'崆峒山位于甘肃省平凉市，是古代丝绸之路的要塞，这里也是历代君王的发祥地。崆峒山风景区自古就有“崆峒山色天下秀”之美誉，','images/甘肃06_崆峒山001.jpg',1),(160,'沙坡头',2,21,'沙坡头，国家AAAAA级旅游景区，国家级沙漠生态自然保护区，全球环保500佳单位，全民健身二十个著名景观，科技进步特别奖。','images/宁夏01_沙坡头001.jpg',3),(161,'贺兰山',2,21,'贺兰山风景区，位于贺兰山东麓，北起拜寺口，南至三关口，南北长30多公里，东西宽4公里。','images/宁夏02_贺兰山001.jpg',2),(162,'六盘山',2,21,'六盘山，是中国最年轻的山脉之一。有广义和狭义之分，广义的六盘山在宁夏回族自治区西南部、甘肃省东部。','images/宁夏03_六盘山001.jpg',1),(163,'水洞沟',1,21,'水洞沟古人类文化遗址位于宁夏灵武市临河镇水洞沟村，南距灵武市30公里，西距银川市19公里，距离河东机场11公里，北与内蒙古鄂前旗相接，占地面积7.8平方公里。','images/宁夏04_水洞沟001.jpg',1),(164,'青铜峡',1,21,'青铜峡108塔，是大型喇嘛塔群之一，位于青铜峡水库的西岸，距离首府银川市约60公里。','images/宁夏05_青铜峡001.jpg',1),(165,'沙湖',2,21,'沙湖，位于银川市西北约50公里处的平罗县境内，是一处融江南水乡与大漠风光为一体的生态旅游景区。','images/宁夏06_沙湖001.jpg',1),(166,'五台山',2,22,'世界佛教五大圣地之一和中华十大名山之一，而且也我国对外推出的旅游王牌产品之一。','images/22_五台山.jpg',3),(167,'云冈石窟',1,22,'云冈石窟的造像气势宏伟，内容丰富多彩，有洞窟45个，石雕造像51000尊，是石窟艺术“中国化”的开始','images/22_云冈石窟.jpg',3),(168,'平遥古城',1,22,'美国《纽约时报》评选出全球最值得旅游的41个地方之一，她是最佳历史人文经典旅游目的地，中国现存最为完好的“四大古城”之一，','images/22_平遥古城.jpg',3),(169,'乔家大院',1,22,'借一部《乔家大院》电视剧使得这儿名声远播，同时也得益于进一步的保护和开放，而成为一个相当不错的打卡景点','images/22_乔家大院.jpg',2),(170,'皇城相府',1,22,'清代名相陈廷敬的府邸，总面积3.6万平方米，至今已有500多年的历史了。','images/22_皇城相府.jpg',2),(171,'晋中绵山',2,22,'中国清明节发源地，源于春秋时期以死拒绝做官的晋国名士介子推，所以绵山又名介山，属太行山支脉','images/22_晋中绵山.jpg',3),(172,'响沙湾',2,23,'响沙湾是集观光与休闲度假为一体的特大型综合型的沙漠休闲景区，地处中国著名的库布其沙漠的最东端','images/23_响沙湾.jpg',1),(173,'成吉思汗陵',1,23,'是蒙古帝国第一代大汗成吉思汗的衣冠冢，位于内蒙古自治区鄂尔多斯市伊金霍洛旗草原上，距鄂尔多斯市区40公里。','images/23_成吉思汗陵.jpg',2),(174,'阿尔山·柴河',2,23,'兴安盟阿尔山市面积7408.7平方公里，呼伦贝尔扎兰屯市柴河镇面积5760平方公里。','images/23_阿尔山·柴河.jpg',1),(175,'满洲里中俄边境',1,23,'满洲里是中国最大的陆运口岸城市，融合中俄蒙三国风情，素有“东亚之窗”、“欧亚大陆桥”之称。','images/23_满洲里中俄边境.jpg',2),(176,'腾格里沙漠月亮湖',2,23,'腾格里沙漠月亮湖旅游区 位于中国内蒙古阿拉善盟境内腾格里沙漠腹地，月亮湖是距离国内各大城市半径最短的沙漠探险营地','images/23_腾格里沙漠月亮湖.jpg',3),(177,'贺兰山广宗寺',1,23,'贺兰山南寺生态旅游区位于巴彦浩特东南30公里，整个旅游区树木苍翠，庙宇轩昂，历史古迹众多','images/23_贺兰山广宗寺.jpg',2),(178,'华山',2,24,'华山位于渭南华阴市玉泉路南段，是中国著名的五岳之一，有“天下第一险山”之称。','images/24_华山.jpg',3),(179,'秦始皇兵马俑博物馆',1,24,'秦始皇帝陵博物馆西安市临潼区秦陵北路，南倚骊山，北临渭水，气势宏伟。','images/24_秦始皇兵马俑博物馆.jpg',3),(180,'西安古城墙',1,24,'西安古城墙又称西安明城墙，位于西安市碑林区大南门月城内，大致呈长方形，','images/24_西安古城墙.jpg',3),(181,'大唐芙蓉园',1,24,'大唐芙蓉园位于西安市曲江新区芙蓉西路，自古就贵为皇家御苑，兴起于秦汉、繁盛于隋唐','images/24_大唐芙蓉园.jpg',3),(182,'华清宫',1,24,'华清宫景区位于西安市临潼区华清路，地处西安城东30公里处，与“世界第八大奇迹”兵马俑相毗邻','images/24_华清宫.jpg',3),(183,'法门寺',1,24,'法门寺位于宝鸡市扶风县城北约10公里的法门镇，始建于东汉明帝十一年（公元68年）','images/24_法门寺.jpg',3),(184,'天山天池',2,25,' 天山天池，世界自然遗产，国家AAAAA级旅游景区，国家地质公园，国家重点风景名胜区','images/25_天山天池.jpg',3),(185,'喀纳斯湖',2,25,'喀纳斯湖 “喀纳斯”是蒙古语，意为“美丽而神秘的湖”。','images/25_喀纳斯湖.jpg',3),(186,'博斯腾湖',2,25,'博斯腾湖维吾尔语意为“绿洲”，位于中国新疆维吾尔族自治区焉耆盆地东南面博湖县境内，是中国最大的内陆淡水吞吐湖。','images/25_博斯腾湖.jpg',2),(187,'巴音布鲁克草原',2,25,'巴音布鲁克草原：旧称 裕勒都斯草原、珠勒都斯草原、尤鲁都斯草原，因为主要位于新疆巴音郭楞蒙古自治州','images/25_巴音布鲁克草原.jpg',2),(188,'那拉提',2,25,'那拉提旅游风景区，位于新疆新源县境内，地处天山腹地，伊犁河谷东端，总规划面积960平方公里。','images/25_那拉提.jpg',3),(189,'可可托海',2,25,'可可托海风景区暨新疆可可托海国家地质公园，位于新疆北部阿勒泰地区富蕴县','images/25_可可托海.jpg',1),(190,'互助土族故土园',1,26,'互助土族故土园包括了5个核心景区，分别展现了土族绚丽多彩的民俗文化','images/26_互助土族故土园.jpg',3),(191,'日月山',2,26,'日月山是西藏的咽喉要道，在历史上日月山曾经是唐朝与吐蕃的分界。','images/26_日月山.jpg',3),(192,'可可西里',2,26,'可可西里景区位于青海西南部的玉树藏族自治州境内，这里全年气候严寒','images/26_可可西里景区.jpg',3),(193,'二郎剑',1,26,'二郎剑景区位于青海湖的东南部，现今已发展成青海湖最重要的景点之一。','images/26_二郎剑.jpg',1),(194,'卓尔山',2,26,'卓尔山的海拔有4300米，这里属于丹霞地貌，其紧靠八宝河，与藏区神山牛心山隔河相望。','images/26_卓尔山.jpg',2),(195,'东关清真大寺',1,26,'东关清真大寺位于西宁市东关地区，这里自古就是回族的聚集区，当地有着许多信仰伊斯兰教的穆斯林。','images/26_东关清真大寺.jpg',3),(196,'布达拉宫',1,27,'布达拉宫不仅是西藏的象征，更是朝圣者心中的圣地。','images/27_布达拉宫.jpg',3),(197,'大昭寺',1,27,'在藏民心中大昭寺在拉萨的中心地位，不仅是地理位置上的，也包括社会生活。','images/27_大昭寺.jpg',2),(198,'珠穆朗玛峰',2,27,'位于定日县境内的珠穆朗玛峰是世界第一高峰。峰顶常年积雪，冰川随处可见。','images/27_珠穆朗玛峰.jpg',3),(199,'雅鲁藏布大峡谷',2,27,'雅鲁藏布大峡谷位于西藏林芝地区米林县，平均深度5000米，最深处达6000米以上，长达504.9米，是世界上最大的大峡谷。','images/27_雅鲁藏布大峡谷.jpg',3),(200,'冈仁波齐',2,27,'冈仁波齐是藏传佛教、印度教和信徒心中的“世界中心”，位于普兰县玛旁雍错以北','images/27_冈仁波齐.jpg',1),(201,'纳木错',2,27,'纳木错，西藏三大圣湖之一，藏语意为“天湖”位于拉萨市当雄县和那曲地区班戈县境内。','images/27_纳木错.jpg',2),(354,'台州市神仙居景区',1,11,'神仙居为国家5A级景区，位于浙江省台州市仙居县县城约20公里的白塔镇境内，诸永高速公路“神仙居出口”。有黄山的石奇，又有兔耳岭的云景','images/浙江06_神仙居006.jpg',3),(328,'环球恐龙城',1,10,'环球恐龙城，位于江苏省常州新北区，是一座占地面积4800余亩的\"恐龙王国\"，是恐龙主题综合旅游度假区','images/苏州06_环球恐龙城006.jpg',1),(353,'湖州市南浔古镇景区',1,11,'南浔古镇位于湖州市南浔区，地处江浙沪两省一市交界处。明清时期为江南蚕丝名镇，是一个人文资源充足、中西建筑合璧的江南古镇','images/浙江05_南浔古镇005.jpg',3),(323,'苏州园林',1,10,'苏州古典园林， 简称苏州园林，是世界文化遗产、国家AAAAA级旅游景区，中国十大风景名胜之一，素有\"园林之城\"之称，被誉为\"咫尺之内再造乾坤\"','images/江苏01_苏州园林001.jpg',3),(326,'扬州瘦西湖',2,10,'瘦西湖，原名保障湖，因湖面瘦长，称“瘦西湖”，位于江苏省扬州市城西北郊','images/苏州04_扬州瘦西湖004.jpg',1),(327,'钟山风景区',1,10,'钟山风景名胜区，位于江苏省南京市玄武区紫金山，是中国著名的风景游览胜地，中国旅游胜地四十佳，以中山陵园为中心，明孝陵和灵谷寺为依托，分布各类名胜古迹多达200多处，84个可供游览景点','images/苏州05_钟山风景区005.jpg',1),(324,'南京市夫子庙-秦淮风光带景区',2,10,'秦淮河是南京的“母亲河”，是孕育金陵古老文化的摇篮，其内秦淮河全长五公里，史称“十里秦淮”，这里也是是夫子庙-秦淮风光带精华所在','images/苏州02_秦淮风光带景区001.jpg',1),(325,'周庄古镇',2,10,'周庄，是一座江南小镇，有\"中国第一水乡\"之誉，位于苏州城东南38公里，著名古画家吴冠中撰文说“黄山集中国山川之美、周庄集中国水乡之美”，是江南六大古镇之一','images/苏州03_周庄古镇003.jpg',1),(351,'普陀山风景名胜区',2,11,'普陀山风景名胜区素有海天佛国、南海圣境之称，是首批国家重点风景名胜区。佛顶山海拔约300米','images/浙江03_普陀山003.jpg',1),(352,'雁荡山风景名胜区',2,11,'雁荡山，首批国家重点风景名胜区，国家级“卫生山、安全山、文明山”、国家文明风景名胜区、国家AAAAA级旅游区、全国文明风景旅游区示范点、“世界地质公园”等称号','images/浙江04_雁荡山004.jpg',3),(350,'嘉兴市桐乡乌镇古镇旅游区',2,11,'乌镇，隶属浙江省嘉兴市桐乡市，西临湖州市，北界江苏苏州市吴江区，地处江南水乡，为二省三府七县交界处','images/浙江02_乌镇古镇002.jpg',1),(349,'杭州西湖风景名胜区',2,11,'杭州西湖是国家AAAAA级旅游景区，是世界文化遗产，是中国著名的旅游胜地，也被誉为人间天堂','images/浙江02_杭州西湖001.jpg',3),(316,'稻城亚丁',2,28,'亚丁风景区，位于甘孜州南部稻城县日瓦乡境内，景区海拔2900米（贡嘎河口）至6032米（仙乃日峰），面积6.84万公顷。景区以仙乃日、降边央、夏纳多吉三座雪峰为核心区，北南向分布。\r\n由于特殊的地理环境和自然气候，形成了独特的地貌和自然景观，是我国保存最完整的一处自然生态系统。被国际友人誉为“水蓝色的星球上的最后一片净土”。','images/四川01_稻城亚丁.jpg',3),(315,'沈阳故宫博物馆',1,5,'沈阳故宫博物院，位于辽宁省沈阳市沈河区沈阳路171号，原是清代初期营建和使用的皇家宫苑，始建于1625年（明天启五年，后金天命十年）。','images/辽宁5沈阳故宫博物馆1.jpg',2),(314,'恒仁五女山旅游风景区',1,5,'五女山位于桓仁满族自治县桓仁镇北侧8公里处，系高句丽民族开国都城。相传有五女屯兵其上，因此为名。','images/辽宁4恒仁五女山旅游风景区1.jpg',3),(313,'鞍山千秋山风景名胜区',1,5,'鞍山千山风景名胜区位于辽宁省鞍山市境内，又称积翠山、千华山、千顶山、千朵莲花山，位于辽宁省鞍山市东南17公里处，总面积44平方公里，素有“东北名珠”之称，为国家重点风景名胜区。','images/辽宁4鞍山千秋山风景名胜区1.jpg',2),(312,'大连滨海国家地质公园',1,5,'大连滨海国家地质公园位于辽东半岛最南端，大连市东南沿海地带，公园由金石滩、大黑山、南部海岸和旅顺口四大园区组成。金石滩园区是国家地质公园核心园区，分为黄金海岸景区、东部景区和城山头景区三大景区。','images/辽宁3大连滨海国家地质公园1.jpg',1),(311,'大连老虎滩海洋公园',1,5,'大连老虎滩海洋公园，巨大连市中心五公里，园区自然风光秀丽，山海互映，景色迷人。','images/辽宁2大连老虎滩海洋公园1.jpg',3),(310,'沈阳世博园',1,5,'沈阳世博园，首批国家5A级旅游景区，是集绿色生态观赏，精品园林艺术，人文景观建筑，科研科普教育，娱乐休闲活动宇一体的多功能综合性旅游景区','images/辽宁1沈阳世博馆1.jpg',1),(309,'洪崖洞',1,4,'位于重庆渝中区沧白路，是重启古城门之一，属于4A景点，以其最具巴渝传统建筑特色的“吊脚楼”风貌为主体依山沿崖而建。','images/重庆5洪崖洞1.jpg',2),(308,'白公馆',1,4,'位于重庆市沙坪坝区歌乐山，是一处缅怀英烈的革命遗迹。','images/重庆4白公馆1.jpg',3),(307,'瓷器口古镇',1,4,'来磁器口古镇，踩踩青石板路，品尝当地的特色小吃，找个茶馆坐坐，感受下重庆的风土人情。','images/重庆4磁器口1.jpg',2),(306,'千厮门嘉陵江大桥',1,4,'单塔单索面部分斜拉桥，上层为城市道路桥长878米，下层为双线轨道交通桥长720米。','images/重庆3解放碑1.jpg',1),(305,'八一路',1,4,'好吃街位于解放碑八一路，这里集结了众多具有重庆特色的小吃。','images/重庆2八一路1.jpg',3),(304,'解放碑',1,4,'解放碑是重庆的地标之一，也是抗战胜利和重庆解放的历史见证。以解放碑为中心的十字路口，是重庆最繁华的商业圈。','images/重庆1解放碑1.jpg',1),(347,'都江堰',2,28,'都江堰水利工程作为中华民族的天才杰作，是公元前256年秦国蜀郡守李冰为治理岷江水患率众修建的大型水利工程，孕育了沃野千里的\"天府之国\"成都平原，并直接促使了中国历史上第一个中央集权王朝--秦的统一”。','images/四川02_都江堰.jpg',3),(348,'峨眉山',2,28,'峨眉山，文化遗产极其深厚，是中国佛教圣地，被誉为“佛国天堂”，是普贤菩萨的道场，是中国四大佛教名山之一、世界双遗产，有“峨眉天下秀”之美誉。”。','images/四川03_峨眉山.jpg',3),(355,'阆中古城',2,28,'阆中古城水绕三面，一座“风水古城”，有2300多年建城历史，中国四大古城之一，为古代巴国蜀国军事重镇，在古代是巴人活动的中心地区之一','images/四川04_阆中古城.jpg',3),(356,'乐山大佛',1,28,'山是一尊佛，佛是一座山，乐山大佛是唐代摩岩造像艺术精品，是世界上最大的一尊石刻弥勒佛，','images/四川05_乐山大佛.jpg',3),(357,'邓池沟',1,28,'雅安市宝兴县邓池沟国家级4A旅游景区，位于宝兴东北部蜂桶寨乡境内，地处青藏高原向四川盆地过渡的邛崃山脉中段和夹金山南麓，是世界自然遗产—中国大熊猫栖息地的核心地区，也是四川西部大熊猫生态旅游环线上的重要节点。','images/四川06_邓池沟.jpg',3),(358,'黄果树风景区',1,29,'黄果树瀑布闻名海内外，作为贵州省较为出名的景区之一，人挺多，风景不错，很多人慕名而来的','images/贵州01_黄果树风景区.jpg',3),(359,'龙宫风景区',1,29,'龙宫景区位于贵州省安顺市西秀区境内，距黄果树景区35千米，距安顺市城区27千米，距贵阳116千米。','images/贵州02_龙宫风景区.jpg',3),(361,'马岭河峡谷风景区',1,29,'马岭河峡谷风景区，是兴义国家地质公园的重要成员、国家级重点风景名胜区，被誉为“中华第一漂”。','images/贵州03_马岭河峡谷风景区.jpg',3),(362,'织金洞世界地质公园',1,29,'织金洞世界地质公园位于中国西南贵州高原西部的织金县境内，距贵阳96公里，距织金县城19公里。','images/贵州04_织金洞世界地质公园.jpg',2),(363,'黔灵山公园',2,29,'黔灵山公园位于贵阳市区西北隅，园内可以爬山观景，也可以游湖、看钟乳洞，还可以去弘福寺礼佛，或者逛动物园','images/贵州05_黔灵山公园.jpg',2),(364,'青岩古镇',2,29,'青岩古镇是个600年前的古镇，白天比较热闹，游人熙来攘往，清晨和傍晚非常安静，也很漂亮！','images/贵州06_青岩古镇.jpg',2),(365,'怒江',1,30,'怒江，发源于青藏高原的青海唐古拉山麓，上游叫黑水河，藏族人民叫它“卡拉曲”。','images/云南01_怒江.jpg',3),(366,'九龙瀑布群',1,30,'被誉为“中国最美丽的瀑布”，景区里也有好看的油菜花田。','images/云南02_九龙瀑布群.jpg',3),(367,'西双版纳热带植物园',2,30,'这里已经建成了十三个专题园：热带果树资源园、荫生植物园...','images/云南03_西双版纳热带植物园.jpg',3),(368,'大理崇圣寺三塔',1,30,'大理崇圣寺三塔，距离下关14千米，位于大理以北1.5千米苍山应乐峰下，背靠苍山...','images/云南04_大理崇圣寺三塔.jpg',3),(369,'罗平螺丝田',2,30,'螺丝田是一个最著名油菜花拍摄点，这里的梯田是圈状的，远远看去像是螺丝上的旋纹。','images/云南05_罗平螺丝田.jpg',3),(370,'玉龙雪山',2,30,'踏入丽江坝子，出大研古城，往白沙继续北行，玉龙雪山就横峙在前方。','images/云南06_玉龙雪山.jpg',3),(371,'亚龙湾',2,31,'亚龙湾是中国最南端的滨海旅游度假区，与“天涯海角”齐名，并享有“天下第一湾”之美誉。','images/海南01_亚龙湾.jpg',3),(372,'大小洞天旅游区',1,31,'大小洞天旅游区因其奇特秀丽的海景、山景、石景和洞景，在宋代即被开辟为旅游景点，至今已有800多年的历史，自古以来被称为“海山奇观”，被誉为“琼崖第一山水名胜”。','images/海南02_大小洞天旅游区.jpg',3),(373,'鳌山',1,31,'鳌山，位于中国海南岛的南端，山高约500米，形似巨鳖。','images/海南03_鳌山.jpg',3),(374,'马岭山',1,31,'出三亚市沿海滨西行26公里，到达了马岭山下，便是“天涯海角”奇景，似乎有一种到了天地之尽头的感觉。','images/海南04_马岭山.jpg',3),(375,'呀诺达雨林风景区',2,31,'呀诺达雨林风景区海南呀诺达雨林文化旅游区位于海南省保亭黎族苗族自治县三道农场，是中国唯一地处北纬18度的热带雨林，是海南岛五大热带雨林精品的浓缩，堪称中国钻石级雨林景区。','images/海南05_呀诺达雨林风景区.jpg',3),(376,'甘什岭槟榔园',2,31,'甘什岭槟榔园坐落在保亭县三道镇的甘什岭、位于南榆中线274公里旁，距三亚东线高速公路6公里，面积300亩，始建于1993年，于1995年10月28日正放。','images/海南06_甘什岭槟榔园.jpg',3),(377,'台北故宫博物院',2,32,'简称故宫，又名中山博物院，为落座于台北市士林区至善路二段、外双溪地区，直属于行政院，并且列为中央内阁机关之一。','images/台湾01_台北故宫博物院.jpg',3),(378,'京华城',2,32,'京华城是一个位于台北市松山区八德路四段的大型购物中心，为威京总部集团所投资的关系事业，于2001年正式开业。','images/台湾02_京华城.jpg',2),(379,'阳明山公园',1,32,'阳明山公园有非常完整的火山地形，历经250万年还依然可看到火山活动残留的痕迹。','images/台湾03_阳明山公园.jpg',3),(380,'圆山饭店',2,32,'基隆河畔、剑潭山际的圆山饭店，是台北甚至是台湾岛的一道风景，被评为世界十大饭店之一。','images/台湾04_圆山饭店.jpg',2),(381,'饶河街夜市',1,32,'饶河街夜市位于台湾台北市松山区八德路四段及抚远街间的饶河街，为台北市著名的观光夜市之一。','images/台湾05_饶河街夜市.jpg',3),(382,'新北投温泉',2,32,'新北投温泉拥有100多年历史，是台湾最著名的温泉乡。台北人下班后常造访此地，籍由泡温泉舒缓疲劳与工作压力。','images/台湾06_新北投温泉.jpg',3),(383,'太平山',1,33,'太平山是港岛的最高峰，位于香港岛西北部，一直是香港的标志。','images/香港01_太平山.jpg',3),(384,'浅水湾',2,33,'浅水湾在香港岛以南，紧连深水湾，有“东方夏威夷”的美誉，是香港最具代表性的沙滩。','images/香港02_浅水湾.jpg',2),(385,'香港海洋公园',1,33,'香港海洋公园是全东南亚规模最大，也是香港最具代表性的主题公园，位于香港岛南区黄竹坑，占地87万平方米，于1977年1月10日开幕。','images/香港03_香港海洋公园.jpg',3),(386,'黄大仙祠',2,33,'黄大仙祠是香港最著名的庙宇之一，占地超过18万平方米。据说，祠内供奉的黄大仙有求必应。','images/香港04_黄大仙祠.jpg',2),(387,'天坛大佛',1,33,'天坛大佛位于宝莲寺前木鱼峰上，坐落在海拔520米的昂坪。','images/香港05_天坛大佛.jpg',3),(388,'兰桂坊',2,33,'兰桂坊位于中环的心脏地带，开设很多特色酒吧和食肆，供应各国菜式。','images/香港06_兰桂坊.jpg',3),(389,'妈祖阁',1,34,'这是澳门当地最著名的名胜古迹之一，始建于1488年，距今有五百多年的历史，本来叫做妈阁庙，位于澳洲的西南方，依山靠海，周围树丛参天，风景十分美丽。','images/澳门01_妈祖阁.jpg',3),(390,'澳门历史城区',2,34,'这里以前叫澳门历史建筑群，如其名一般，这个地方主要游览参观的就是历史建筑群体','images/澳门02_澳门历史城区.jpg',2),(391,'大三巴牌坊',1,34,'这里应该算是澳门的地标建筑了，不少人都是在这个地方拍照取景的','images/澳门03_大三巴牌坊.jpg',3),(392,'观光塔',2,34,'澳门的观光塔跟东京铁塔及上海的东方明珠塔同为世界著名的观光塔，上次看节目好像说上面还可以蹦极，比较高的地方的地面都是用玻璃制造，让大家能感受到在天空的感觉。','images/澳门04_观光塔.jpg',2),(393,'大炮台',1,34,'大炮台在当地又叫中央炮台或者大三巴炮台，是澳门的主要历史名胜古迹之一，始建于1616年，本来属于教会所有，为了防止海盗入侵，后来转变为军事设施区域。','images/澳门05_大炮台.jpg',3),(394,'东望洋灯塔',2,34,'这里是东望洋跑跳的一部分，是东望洋山的三大名胜古迹之一，也是中国沿海地区最古老的灯塔，始建于1865年，灯塔高度为13公尺，因为风暴侵袭，后面重修过几次。','images/澳门06_东望洋灯塔.jpg',3);

/*!40101 SET SQL_MODE=@OLD_SQL_MODE */;
/*!40014 SET FOREIGN_KEY_CHECKS=@OLD_FOREIGN_KEY_CHECKS */;
/*!40014 SET UNIQUE_CHECKS=@OLD_UNIQUE_CHECKS */;
/*!40111 SET SQL_NOTES=@OLD_SQL_NOTES */;
